Iteration,AverageDiscountedReturn,AverageReturn,ExplainedVariance,NumTrajs,Entropy,Perplexity,StdReturn,MaxReturn,MinReturn,AveragePolicyStd,LossBefore,LossAfter,MeanKLBefore,MeanKL,dLoss
0,12.38395153010924,76.83948400276178,5.104622280427407e-10,4,1.418938533204673,4.132731354122494,3.409388943976505,81.67424630711079,73.13525142037325,1.0,-2.886579864025407e-17,-0.0020864232605202915,0.0,0.0049189279876893305,0.0020864232605202625
1,12.792221509992707,74.08850191280546,0.21006752516121185,4,1.4114845850536224,4.102040714206937,2.6335595967639973,77.64119927976392,70.48997288368257,0.9925737636236766,6.8833827526759705e-18,-0.006790777037457839,0.0,0.004486216441463975,0.006790777037457846
